Buffer Index,Clipped Length
0,1380.8424695572373
0,6686.370193224546
0,21919.21972299989
